{"cameraMode":{"drawMode":0,"name":"Shaded","section":"Shading Mode"},"sceneLighting":false,"audioPlay":false,"sceneViewState":{"m_AlwaysRefresh":false,"showFog":true,"showSkybox":false,"showFlares":true,"showImageEffects":true,"showParticleSystems":true,"showVisualEffectGraphs":true,"m_FxEnabled":true},"in2DMode":false,"pivot":{"x":0.0037626028060913088,"y":-0.019485831260681154,"z":-2.1221365928649904},"rotation":{"x":-0.31259316205978396,"y":-0.03133668005466461,"z":0.01323741301894188,"w":-0.9499383568763733},"size":67.23908233642578,"orthographic":true}