{"cameraMode":{"drawMode":0,"name":"Shaded","section":"Shading Mode"},"sceneLighting":true,"audioPlay":false,"sceneViewState":{"m_AlwaysRefresh":false,"showFog":true,"showSkybox":true,"showFlares":true,"showImageEffects":true,"showParticleSystems":true,"showVisualEffectGraphs":true,"m_FxEnabled":true},"in2DMode":false,"pivot":{"x":-2.0484533309936525,"y":-7.698406219482422,"z":28.831520080566408},"rotation":{"x":-0.21901215612888337,"y":0.009671710431575776,"z":-0.002168159931898117,"w":-0.9756842851638794},"size":65.5216293334961,"orthographic":false}