{"cameraMode":{"drawMode":0,"name":"Shaded","section":"Shading Mode"},"sceneLighting":false,"audioPlay":false,"sceneViewState":{"m_AlwaysRefresh":false,"showFog":true,"showSkybox":true,"showFlares":true,"showImageEffects":true,"showParticleSystems":true,"showVisualEffectGraphs":true,"m_FxEnabled":true},"in2DMode":false,"pivot":{"x":-1.8474655151367188,"y":0.560938835144043,"z":10.830909729003907},"rotation":{"x":0.26620593667030337,"y":-0.6141375303268433,"z":0.22699575126171113,"w":0.7089436650276184},"size":50.94243621826172,"orthographic":true}