{"cameraMode":{"drawMode":0,"name":"Shaded","section":"Shading Mode"},"sceneLighting":false,"audioPlay":false,"sceneViewState":{"m_AlwaysRefresh":false,"showFog":true,"showSkybox":true,"showFlares":true,"showImageEffects":true,"showParticleSystems":true,"showVisualEffectGraphs":true,"m_FxEnabled":true},"in2DMode":false,"pivot":{"x":12.661747932434082,"y":34.03791809082031,"z":26.972183227539064},"rotation":{"x":0.010173671878874302,"y":0.9342503547668457,"z":-0.35589122772216799,"w":0.03185078501701355},"size":177.1229248046875,"orthographic":true}