{"cameraMode":{"drawMode":0,"name":"Shaded","section":"Shading Mode"},"sceneLighting":false,"audioPlay":false,"sceneViewState":{"m_AlwaysRefresh":false,"showFog":true,"showSkybox":true,"showFlares":true,"showImageEffects":true,"showParticleSystems":true,"showVisualEffectGraphs":true,"m_FxEnabled":true},"in2DMode":false,"pivot":{"x":-2.093782424926758,"y":21.230022430419923,"z":9.348457336425782},"rotation":{"x":0.41445428133010867,"y":-0.05847017094492912,"z":0.02141723968088627,"w":0.9089951515197754},"size":33.50193405151367,"orthographic":true}