{"cameraMode":{"drawMode":0,"name":"Shaded","section":"Shading Mode"},"sceneLighting":false,"audioPlay":false,"sceneViewState":{"m_AlwaysRefresh":false,"showFog":true,"showSkybox":true,"showFlares":true,"showImageEffects":true,"showParticleSystems":true,"showVisualEffectGraphs":true,"m_FxEnabled":true},"in2DMode":false,"pivot":{"x":-1.8474655151367188,"y":0.560938835144043,"z":10.830909729003907},"rotation":{"x":0.22826556861400605,"y":-0.10238299518823624,"z":0.021015318110585214,"w":0.9691707491874695},"size":56.243770599365237,"orthographic":true}