{"cameraMode":{"drawMode":0,"name":"Shaded","section":"Shading Mode"},"sceneLighting":true,"audioPlay":false,"sceneViewState":{"m_AlwaysRefresh":false,"showFog":true,"showSkybox":true,"showFlares":true,"showImageEffects":true,"showParticleSystems":true,"showVisualEffectGraphs":true,"m_FxEnabled":true},"in2DMode":false,"pivot":{"x":-3.5088462829589845,"y":3.4926509857177736,"z":3.317432403564453},"rotation":{"x":-0.09527503699064255,"y":0.890748143196106,"z":-0.21969017386436463,"w":-0.38629910349845889},"size":15.704291343688965,"orthographic":false}