{"cameraMode":{"drawMode":0,"name":"Shaded","section":"Shading Mode"},"sceneLighting":true,"audioPlay":false,"sceneViewState":{"m_AlwaysRefresh":false,"showFog":true,"showSkybox":true,"showFlares":true,"showImageEffects":true,"showParticleSystems":true,"showVisualEffectGraphs":true,"m_FxEnabled":true},"in2DMode":false,"pivot":{"x":-11.066143989562989,"y":-3.0964698791503908,"z":-7.470930099487305},"rotation":{"x":-0.0028882152400910856,"y":0.8618419766426086,"z":-0.5071684122085571,"w":-0.004918589722365141},"size":87.07040405273438,"orthographic":false}