{"cameraMode":{"drawMode":0,"name":"Shaded","section":"Shading Mode"},"sceneLighting":false,"audioPlay":false,"sceneViewState":{"m_AlwaysRefresh":false,"showFog":true,"showSkybox":true,"showFlares":true,"showImageEffects":true,"showParticleSystems":true,"showVisualEffectGraphs":true,"m_FxEnabled":true},"in2DMode":false,"pivot":{"x":-2.6828536987304689,"y":49.163429260253909,"z":-23.31496810913086},"rotation":{"x":0.3391623795032501,"y":-0.003231711918488145,"z":-0.0007576268399134278,"w":0.9410742521286011},"size":211.11659240722657,"orthographic":true}