{"cameraMode":{"drawMode":0,"name":"Shaded","section":"Shading Mode"},"sceneLighting":false,"audioPlay":false,"sceneViewState":{"m_AlwaysRefresh":false,"showFog":true,"showSkybox":true,"showFlares":true,"showImageEffects":true,"showParticleSystems":true,"showVisualEffectGraphs":true,"m_FxEnabled":true},"in2DMode":false,"pivot":{"x":0.15815424919128419,"y":4.8820271492004398,"z":-0.1652071475982666},"rotation":{"x":-0.44436031579971316,"y":0.3396742343902588,"z":-0.18352782726287843,"w":-0.809587836265564},"size":62.85786819458008,"orthographic":true}