{"cameraMode":{"drawMode":0,"name":"Shaded","section":"Shading Mode"},"sceneLighting":false,"audioPlay":false,"sceneViewState":{"m_AlwaysRefresh":false,"showFog":true,"showSkybox":true,"showFlares":true,"showImageEffects":true,"showParticleSystems":true,"showVisualEffectGraphs":true,"m_FxEnabled":true},"in2DMode":false,"pivot":{"x":1.8406100273132325,"y":2.9624428749084474,"z":-2.169412612915039},"rotation":{"x":-0.0032311154063791038,"y":-0.9765968918800354,"z":0.2159227877855301,"w":-0.029752925038337709},"size":10.740463256835938,"orthographic":true}