{"cameraMode":{"drawMode":0,"name":"Shaded","section":"Shading Mode"},"sceneLighting":true,"audioPlay":false,"sceneViewState":{"m_AlwaysRefresh":false,"showFog":true,"showSkybox":true,"showFlares":true,"showImageEffects":true,"showParticleSystems":true,"showVisualEffectGraphs":true,"m_FxEnabled":true},"in2DMode":false,"pivot":{"x":0.33397960662841799,"y":-19.438522338867189,"z":89.87834167480469},"rotation":{"x":-0.32903051376342776,"y":0.026022154837846757,"z":-0.009165436029434204,"w":-0.9439604878425598},"size":121.56604766845703,"orthographic":false}