{"cameraMode":{"drawMode":0,"name":"Shaded","section":"Shading Mode"},"sceneLighting":false,"audioPlay":false,"sceneViewState":{"m_AlwaysRefresh":false,"showFog":true,"showSkybox":true,"showFlares":true,"showImageEffects":true,"showParticleSystems":true,"showVisualEffectGraphs":true,"m_FxEnabled":true},"in2DMode":false,"pivot":{"x":-6.273027420043945,"y":10.633390426635743,"z":-12.024806022644043},"rotation":{"x":-0.4728434681892395,"y":-0.21551242470741273,"z":0.12334419786930084,"w":-0.8466176390647888},"size":62.788753509521487,"orthographic":true}