{"cameraMode":{"drawMode":0,"name":"Shaded","section":"Shading Mode"},"sceneLighting":false,"audioPlay":false,"sceneViewState":{"m_AlwaysRefresh":false,"showFog":true,"showSkybox":true,"showFlares":true,"showImageEffects":true,"showParticleSystems":true,"showVisualEffectGraphs":true,"m_FxEnabled":true},"in2DMode":false,"pivot":{"x":-9.278406143188477,"y":11.647761344909668,"z":-1.853464126586914},"rotation":{"x":-0.08250420540571213,"y":0.0212103221565485,"z":0.0014038062654435635,"w":-0.9970094561576843},"size":17.061786651611329,"orthographic":true}