{"cameraMode":{"drawMode":0,"name":"Shaded","section":"Shading Mode"},"sceneLighting":false,"audioPlay":false,"sceneViewState":{"m_AlwaysRefresh":false,"showFog":true,"showSkybox":true,"showFlares":true,"showImageEffects":true,"showParticleSystems":true,"showVisualEffectGraphs":true,"m_FxEnabled":true},"in2DMode":false,"pivot":{"x":-0.9045834541320801,"y":-1.260483980178833,"z":-2.0257835388183595},"rotation":{"x":-0.05097716301679611,"y":0.010160199366509915,"z":-0.000545712246093899,"w":-0.9987248778343201},"size":5.383962154388428,"orthographic":false}