{"cameraMode":{"drawMode":0,"name":"Shaded","section":"Shading Mode"},"sceneLighting":false,"audioPlay":false,"sceneViewState":{"m_AlwaysRefresh":false,"showFog":true,"showSkybox":true,"showFlares":true,"showImageEffects":true,"showParticleSystems":true,"showVisualEffectGraphs":true,"m_FxEnabled":true},"in2DMode":false,"pivot":{"x":0.15815424919128419,"y":4.8820271492004398,"z":-0.1652071475982666},"rotation":{"x":-0.00862833857536316,"y":0.9945693612098694,"z":-0.09559381008148194,"w":-0.0597764328122139},"size":12.222497940063477,"orthographic":true}