{"cameraMode":{"drawMode":0,"name":"Shaded","section":"Shading Mode"},"sceneLighting":false,"audioPlay":false,"sceneViewState":{"m_AlwaysRefresh":false,"showFog":true,"showSkybox":true,"showFlares":true,"showImageEffects":true,"showParticleSystems":true,"showVisualEffectGraphs":true,"m_FxEnabled":true},"in2DMode":false,"pivot":{"x":3.4281435012817385,"y":28.443058013916017,"z":-1.9384286403656006},"rotation":{"x":0.028980715200304986,"y":0.7084679007530212,"z":-0.7052651643753052,"w":0.03342040628194809},"size":70.27664947509766,"orthographic":true}