{"cameraMode":{"drawMode":0,"name":"Shaded","section":"Shading Mode"},"sceneLighting":false,"audioPlay":false,"sceneViewState":{"m_AlwaysRefresh":false,"showFog":true,"showSkybox":true,"showFlares":true,"showImageEffects":true,"showParticleSystems":true,"showVisualEffectGraphs":true,"m_FxEnabled":true},"in2DMode":false,"pivot":{"x":34.75327682495117,"y":50.485252380371097,"z":-75.15377807617188},"rotation":{"x":0.0036322397645562889,"y":-1.0003255605697632,"z":0.022515755146741868,"w":-0.0006356083322316408},"size":20.1417293548584,"orthographic":true}