{"cameraMode":{"drawMode":0,"name":"Shaded","section":"Shading Mode"},"sceneLighting":false,"audioPlay":false,"sceneViewState":{"m_AlwaysRefresh":false,"showFog":true,"showSkybox":true,"showFlares":true,"showImageEffects":true,"showParticleSystems":true,"showVisualEffectGraphs":true,"m_FxEnabled":true},"in2DMode":false,"pivot":{"x":-0.9142460823059082,"y":47.29216766357422,"z":-10.135696411132813},"rotation":{"x":-0.00491670286282897,"y":-0.9324419498443604,"z":0.36159032583236697,"w":-0.017220690846443178},"size":78.40689086914063,"orthographic":true}