{"cameraMode":{"drawMode":0,"name":"Shaded","section":"Shading Mode"},"sceneLighting":true,"audioPlay":false,"sceneViewState":{"m_AlwaysRefresh":false,"showFog":true,"showSkybox":true,"showFlares":true,"showImageEffects":true,"showParticleSystems":true,"showVisualEffectGraphs":true,"m_FxEnabled":true},"in2DMode":false,"pivot":{"x":-4.554165363311768,"y":6.426896095275879,"z":2.783499240875244},"rotation":{"x":-0.32002022862434389,"y":-0.017907315865159036,"z":0.0060500213876366619,"w":-0.9472285509109497},"size":6.92705774307251,"orthographic":false}