{"cameraMode":{"drawMode":0,"name":"Shaded","section":"Shading Mode"},"sceneLighting":false,"audioPlay":false,"sceneViewState":{"m_AlwaysRefresh":false,"showFog":true,"showSkybox":false,"showFlares":true,"showImageEffects":true,"showParticleSystems":true,"showVisualEffectGraphs":true,"m_FxEnabled":true},"in2DMode":false,"pivot":{"x":0.8609262704849243,"y":9.208503723144532,"z":-0.2874126434326172},"rotation":{"x":-0.4266115427017212,"y":-0.03765181824564934,"z":0.020741986110806466,"w":-0.9041027426719666},"size":7.842325687408447,"orthographic":true}