{"cameraMode":{"drawMode":0,"name":"Shaded","section":"Shading Mode"},"sceneLighting":false,"audioPlay":false,"sceneViewState":{"m_AlwaysRefresh":false,"showFog":true,"showSkybox":false,"showFlares":true,"showImageEffects":true,"showParticleSystems":true,"showVisualEffectGraphs":true,"m_FxEnabled":true},"in2DMode":false,"pivot":{"x":1.7218525409698487,"y":14.217007637023926,"z":-0.5748251676559448},"rotation":{"x":0.31210556626319888,"y":-0.2669585347175598,"z":0.08792583644390106,"w":0.9081882834434509},"size":7.842325210571289,"orthographic":true}