{"cameraMode":{"drawMode":0,"name":"Shaded","section":"Shading Mode"},"sceneLighting":false,"audioPlay":false,"sceneViewState":{"m_AlwaysRefresh":false,"showFog":true,"showSkybox":false,"showFlares":true,"showImageEffects":true,"showParticleSystems":true,"showVisualEffectGraphs":true,"m_FxEnabled":true},"in2DMode":false,"pivot":{"x":0.8609262704849243,"y":2.256371021270752,"z":-0.2874126434326172},"rotation":{"x":0.12727272510528565,"y":-0.018015839159488679,"z":-0.001207147492095828,"w":0.9923163056373596},"size":11.516825675964356,"orthographic":true}