{"cameraMode":{"drawMode":0,"name":"Shaded","section":"Shading Mode"},"sceneLighting":false,"audioPlay":false,"sceneViewState":{"m_AlwaysRefresh":false,"showFog":true,"showSkybox":false,"showFlares":true,"showImageEffects":true,"showParticleSystems":true,"showVisualEffectGraphs":true,"m_FxEnabled":true},"in2DMode":false,"pivot":{"x":0.15815317630767823,"y":1.1233181953430176,"z":-0.1652071475982666},"rotation":{"x":0.21301141381263734,"y":-0.026897799223661424,"z":0.0018841492710635067,"w":0.9772886633872986},"size":9.486174583435059,"orthographic":true}