{"cameraMode":{"drawMode":0,"name":"Shaded","section":"Shading Mode"},"sceneLighting":false,"audioPlay":false,"sceneViewState":{"m_AlwaysRefresh":false,"showFog":true,"showSkybox":false,"showFlares":true,"showImageEffects":true,"showParticleSystems":true,"showVisualEffectGraphs":true,"m_FxEnabled":true},"in2DMode":false,"pivot":{"x":-0.3241605758666992,"y":4.97511100769043,"z":-1.7464516162872315},"rotation":{"x":-0.22581475973129273,"y":0.07518130540847779,"z":-0.014254643581807614,"w":-0.9721607565879822},"size":11.283562660217286,"orthographic":true}