{"cameraMode":{"drawMode":0,"name":"Shaded","section":"Shading Mode"},"sceneLighting":false,"audioPlay":false,"sceneViewState":{"m_AlwaysRefresh":false,"showFog":true,"showSkybox":false,"showFlares":true,"showImageEffects":true,"showParticleSystems":true,"showVisualEffectGraphs":true,"m_FxEnabled":true},"in2DMode":false,"pivot":{"x":0.8609262704849243,"y":-0.7936291694641113,"z":-0.2874126434326172},"rotation":{"x":0.18799856305122376,"y":-0.0021306194830685856,"z":-0.0030097041744738819,"w":0.9828022718429565},"size":21.018274307250978,"orthographic":true}