{"cameraMode":{"drawMode":0,"name":"Shaded","section":"Shading Mode"},"sceneLighting":false,"audioPlay":false,"sceneViewState":{"m_AlwaysRefresh":false,"showFog":true,"showSkybox":false,"showFlares":true,"showImageEffects":true,"showParticleSystems":true,"showVisualEffectGraphs":true,"m_FxEnabled":true},"in2DMode":false,"pivot":{"x":-0.006999969482421875,"y":5.960464477539063e-8,"z":-1.1920928955078126e-7},"rotation":{"x":0.38723936676979067,"y":-0.4749183654785156,"z":0.23973706364631654,"w":0.7539556622505188},"size":0.9006696939468384,"orthographic":true}