{"cameraMode":{"drawMode":0,"name":"Shaded","section":"Shading Mode"},"sceneLighting":false,"audioPlay":false,"sceneViewState":{"m_AlwaysRefresh":false,"showFog":true,"showSkybox":false,"showFlares":true,"showImageEffects":true,"showParticleSystems":true,"showVisualEffectGraphs":true,"m_FxEnabled":true},"in2DMode":false,"pivot":{"x":-0.059680819511413577,"y":1.7235960960388184,"z":-0.9163608551025391},"rotation":{"x":-0.4266115427017212,"y":-0.03765181824564934,"z":0.020741986110806466,"w":-0.9041027426719666},"size":10.532000541687012,"orthographic":true}