{"cameraMode":{"drawMode":0,"name":"Shaded","section":"Shading Mode"},"sceneLighting":false,"audioPlay":false,"sceneViewState":{"m_AlwaysRefresh":false,"showFog":true,"showSkybox":false,"showFlares":true,"showImageEffects":true,"showParticleSystems":true,"showVisualEffectGraphs":true,"m_FxEnabled":true},"in2DMode":false,"pivot":{"x":0.8609257936477661,"y":4.646019458770752,"z":-0.287412166595459},"rotation":{"x":0.015048783272504807,"y":-0.010231311433017254,"z":-0.003745177062228322,"w":1.0004246234893799},"size":7.842327117919922,"orthographic":true}