{"cameraMode":{"drawMode":0,"name":"Shaded","section":"Shading Mode"},"sceneLighting":false,"audioPlay":false,"sceneViewState":{"m_AlwaysRefresh":false,"showFog":true,"showSkybox":false,"showFlares":true,"showImageEffects":true,"showParticleSystems":true,"showVisualEffectGraphs":true,"m_FxEnabled":true},"in2DMode":false,"pivot":{"x":0.8609262704849243,"y":3.3063712120056154,"z":-0.2874126434326172},"rotation":{"x":-0.1731700748205185,"y":0.04841062054038048,"z":-0.005466850474476814,"w":-0.9843230247497559},"size":12.418864250183106,"orthographic":true}