{"cameraMode":{"drawMode":0,"name":"Shaded","section":"Shading Mode"},"sceneLighting":false,"audioPlay":false,"sceneViewState":{"m_AlwaysRefresh":false,"showFog":true,"showSkybox":false,"showFlares":true,"showImageEffects":true,"showParticleSystems":true,"showVisualEffectGraphs":true,"m_FxEnabled":true},"in2DMode":false,"pivot":{"x":-0.059680819511413577,"y":1.7235960960388184,"z":-0.9163608551025391},"rotation":{"x":0.369306743144989,"y":-0.46161943674087527,"z":0.21456514298915864,"w":0.7782686352729797},"size":10.532000541687012,"orthographic":true}