{"cameraMode":{"drawMode":0,"name":"Shaded","section":"Shading Mode"},"sceneLighting":false,"audioPlay":false,"sceneViewState":{"m_AlwaysRefresh":false,"showFog":true,"showSkybox":false,"showFlares":true,"showImageEffects":true,"showParticleSystems":true,"showVisualEffectGraphs":true,"m_FxEnabled":true},"in2DMode":false,"pivot":{"x":1.1320723295211793,"y":5.137106418609619,"z":3.0498855113983156},"rotation":{"x":0.21301141381263734,"y":-0.026897799223661424,"z":0.0018841492710635067,"w":0.9772886633872986},"size":6.728097915649414,"orthographic":true}