{"cameraMode":{"drawMode":0,"name":"Shaded","section":"Shading Mode"},"sceneLighting":false,"audioPlay":false,"sceneViewState":{"m_AlwaysRefresh":false,"showFog":true,"showSkybox":false,"showFlares":true,"showImageEffects":true,"showParticleSystems":true,"showVisualEffectGraphs":true,"m_FxEnabled":true},"in2DMode":false,"pivot":{"x":0.4242616891860962,"y":4.858779430389404,"z":0.13382267951965333},"rotation":{"x":-0.054853640496730807,"y":0.024548256769776346,"z":-0.0014314678264781833,"w":-0.9982328414916992},"size":20.047866821289064,"orthographic":false}