{"cameraMode":{"drawMode":0,"name":"Shaded","section":"Shading Mode"},"sceneLighting":false,"audioPlay":false,"sceneViewState":{"m_AlwaysRefresh":false,"showFog":true,"showSkybox":false,"showFlares":true,"showImageEffects":true,"showParticleSystems":true,"showVisualEffectGraphs":true,"m_FxEnabled":true},"in2DMode":false,"pivot":{"x":5.098727703094482,"y":-0.7097887992858887,"z":0.1695922613143921},"rotation":{"x":0.27393975853919985,"y":0.18465854227542878,"z":-0.05366586148738861,"w":0.9423519968986511},"size":11.942961692810059,"orthographic":false}