{"cameraMode":{"drawMode":0,"name":"Shaded","section":"Shading Mode"},"sceneLighting":false,"audioPlay":false,"sceneViewState":{"m_AlwaysRefresh":false,"showFog":true,"showSkybox":false,"showFlares":true,"showImageEffects":true,"showParticleSystems":true,"showVisualEffectGraphs":true,"m_FxEnabled":true},"in2DMode":false,"pivot":{"x":0.8609262704849243,"y":3.1085033416748049,"z":-0.2874126434326172},"rotation":{"x":0.09826864302158356,"y":0.6736905574798584,"z":0.09646585583686829,"w":-0.7269442081451416},"size":8.828669548034668,"orthographic":true}