{"cameraMode":{"drawMode":0,"name":"Shaded","section":"Shading Mode"},"sceneLighting":false,"audioPlay":false,"sceneViewState":{"m_AlwaysRefresh":false,"showFog":true,"showSkybox":false,"showFlares":true,"showImageEffects":true,"showParticleSystems":true,"showVisualEffectGraphs":true,"m_FxEnabled":true},"in2DMode":false,"pivot":{"x":-0.23585891723632813,"y":4.810622692108154,"z":-0.5740227699279785},"rotation":{"x":0.22108259797096253,"y":-0.3445371687412262,"z":0.07954584062099457,"w":0.9095536470413208},"size":2.672168731689453,"orthographic":true}