{"cameraMode":{"drawMode":0,"name":"Shaded","section":"Shading Mode"},"sceneLighting":false,"audioPlay":false,"sceneViewState":{"m_AlwaysRefresh":false,"showFog":true,"showSkybox":false,"showFlares":true,"showImageEffects":true,"showParticleSystems":true,"showVisualEffectGraphs":true,"m_FxEnabled":true},"in2DMode":false,"pivot":{"x":0.8609262704849243,"y":9.208503723144532,"z":-0.2874126434326172},"rotation":{"x":0.015048783272504807,"y":-0.010231311433017254,"z":-0.003745177062228322,"w":1.0004246234893799},"size":7.842325687408447,"orthographic":true}