{"cameraMode":{"drawMode":0,"name":"Shaded","section":"Shading Mode"},"sceneLighting":false,"audioPlay":false,"sceneViewState":{"m_AlwaysRefresh":false,"showFog":true,"showSkybox":false,"showFlares":true,"showImageEffects":true,"showParticleSystems":true,"showVisualEffectGraphs":true,"m_FxEnabled":true},"in2DMode":false,"pivot":{"x":-0.059680819511413577,"y":5.060389995574951,"z":-0.9163608551025391},"rotation":{"x":0.25310182571411135,"y":-0.0890372022986412,"z":0.019753923639655114,"w":0.9637615084648132},"size":8.128376007080079,"orthographic":true}