{"cameraMode":{"drawMode":0,"name":"Shaded","section":"Shading Mode"},"sceneLighting":false,"audioPlay":false,"sceneViewState":{"m_AlwaysRefresh":false,"showFog":true,"showSkybox":false,"showFlares":true,"showImageEffects":true,"showParticleSystems":true,"showVisualEffectGraphs":true,"m_FxEnabled":true},"in2DMode":false,"pivot":{"x":0.8609263896942139,"y":3.175102949142456,"z":-0.287412166595459},"rotation":{"x":0.27393975853919985,"y":0.18465854227542878,"z":-0.05366586148738861,"w":0.9423519968986511},"size":7.9248552322387699,"orthographic":false}