{"cameraMode":{"drawMode":0,"name":"Shaded","section":"Shading Mode"},"sceneLighting":false,"audioPlay":false,"sceneViewState":{"m_AlwaysRefresh":false,"showFog":true,"showSkybox":false,"showFlares":true,"showImageEffects":true,"showParticleSystems":true,"showVisualEffectGraphs":true,"m_FxEnabled":true},"in2DMode":false,"pivot":{"x":0.15815317630767823,"y":1.1233181953430176,"z":-0.1652071475982666},"rotation":{"x":-0.0032311154063791038,"y":-0.9765968918800354,"z":0.2159227877855301,"w":-0.029752925038337709},"size":9.486174583435059,"orthographic":true}