{"cameraMode":{"drawMode":0,"name":"Shaded","section":"Shading Mode"},"sceneLighting":false,"audioPlay":false,"sceneViewState":{"m_AlwaysRefresh":false,"showFog":true,"showSkybox":false,"showFlares":true,"showImageEffects":true,"showParticleSystems":true,"showVisualEffectGraphs":true,"m_FxEnabled":true},"in2DMode":false,"pivot":{"x":0.19830918312072755,"y":0.5173559188842773,"z":0.09807991981506348},"rotation":{"x":0.21301141381263734,"y":-0.026897799223661424,"z":0.0018841492710635067,"w":0.9772886633872986},"size":9.177183151245118,"orthographic":true}